"","keyword","date","hits"
"1","suicide -squad",2019-03-03,78
"2","suicide -squad",2019-03-10,73
"3","suicide -squad",2019-03-17,76
"4","suicide -squad",2019-03-24,86
"5","suicide -squad",2019-03-31,72
"6","suicide -squad",2019-04-07,70
"7","suicide -squad",2019-04-14,71
"8","suicide -squad",2019-04-21,72
"9","suicide -squad",2019-04-28,73
"10","suicide -squad",2019-05-05,68
"11","suicide -squad",2019-05-12,69
"12","suicide -squad",2019-05-19,65
"13","suicide -squad",2019-05-26,62
"14","suicide -squad",2019-06-02,64
"15","suicide -squad",2019-06-09,63
"16","suicide -squad",2019-06-16,60
"17","suicide -squad",2019-06-23,68
"18","suicide -squad",2019-06-30,61
"19","suicide -squad",2019-07-07,61
"20","suicide -squad",2019-07-14,60
"21","suicide -squad",2019-07-21,62
"22","suicide -squad",2019-07-28,63
"23","suicide -squad",2019-08-04,84
"24","suicide -squad",2019-08-11,96
"25","suicide -squad",2019-08-18,69
"26","suicide -squad",2019-08-25,66
"27","suicide -squad",2019-09-01,71
"28","suicide -squad",2019-09-08,100
"29","suicide -squad",2019-09-15,74
"30","suicide -squad",2019-09-22,75
"31","suicide -squad",2019-09-29,71
"32","suicide -squad",2019-10-06,69
"33","suicide -squad",2019-10-13,76
"34","suicide -squad",2019-10-20,69
"35","suicide -squad",2019-10-27,73
"36","suicide -squad",2019-11-03,72
"37","suicide -squad",2019-11-10,65
"38","suicide -squad",2019-11-17,69
"39","suicide -squad",2019-11-24,63
"40","suicide -squad",2019-12-01,68
"41","suicide -squad",2019-12-08,65
"42","suicide -squad",2019-12-15,59
"43","suicide -squad",2019-12-22,61
"44","suicide -squad",2019-12-29,60
"45","suicide -squad",2020-01-05,58
"46","suicide -squad",2020-01-12,62
"47","suicide -squad",2020-01-19,67
"48","suicide -squad",2020-01-26,69
"49","suicide -squad",2020-02-02,66
"50","suicide -squad",2020-02-09,71
"51","suicide -squad",2020-02-16,78
"52","suicide -squad",2020-02-23,70
"53","suicide -squad",2020-03-01,68
"54","suicide -squad",2020-03-08,60
"55","suicide -squad",2020-03-15,48
"56","suicide -squad",2020-03-22,54
"57","suicide -squad",2020-03-29,58
"58","suicide -squad",2020-04-05,58
"59","suicide -squad",2020-04-12,55
"60","suicide -squad",2020-04-19,58
"61","crisis text line",2019-03-03,60
"62","crisis text line",2019-03-10,64
"63","crisis text line",2019-03-17,54
"64","crisis text line",2019-03-24,51
"65","crisis text line",2019-03-31,55
"66","crisis text line",2019-04-07,52
"67","crisis text line",2019-04-14,48
"68","crisis text line",2019-04-21,32
"69","crisis text line",2019-04-28,57
"70","crisis text line",2019-05-05,34
"71","crisis text line",2019-05-12,44
"72","crisis text line",2019-05-19,58
"73","crisis text line",2019-05-26,35
"74","crisis text line",2019-06-02,62
"75","crisis text line",2019-06-09,76
"76","crisis text line",2019-06-16,67
"77","crisis text line",2019-06-23,45
"78","crisis text line",2019-06-30,52
"79","crisis text line",2019-07-07,40
"80","crisis text line",2019-07-14,52
"81","crisis text line",2019-07-21,55
"82","crisis text line",2019-07-28,47
"83","crisis text line",2019-08-04,60
"84","crisis text line",2019-08-11,60
"85","crisis text line",2019-08-18,45
"86","crisis text line",2019-08-25,31
"87","crisis text line",2019-09-01,32
"88","crisis text line",2019-09-08,74
"89","crisis text line",2019-09-15,52
"90","crisis text line",2019-09-22,33
"91","crisis text line",2019-09-29,58
"92","crisis text line",2019-10-06,40
"93","crisis text line",2019-10-13,51
"94","crisis text line",2019-10-20,43
"95","crisis text line",2019-10-27,38
"96","crisis text line",2019-11-03,67
"97","crisis text line",2019-11-10,44
"98","crisis text line",2019-11-17,56
"99","crisis text line",2019-11-24,43
"100","crisis text line",2019-12-01,50
"101","crisis text line",2019-12-08,46
"102","crisis text line",2019-12-15,35
"103","crisis text line",2019-12-22,43
"104","crisis text line",2019-12-29,29
"105","crisis text line",2020-01-05,45
"106","crisis text line",2020-01-12,54
"107","crisis text line",2020-01-19,50
"108","crisis text line",2020-01-26,44
"109","crisis text line",2020-02-02,47
"110","crisis text line",2020-02-09,43
"111","crisis text line",2020-02-16,48
"112","crisis text line",2020-02-23,56
"113","crisis text line",2020-03-01,38
"114","crisis text line",2020-03-08,48
"115","crisis text line",2020-03-15,84
"116","crisis text line",2020-03-22,80
"117","crisis text line",2020-03-29,94
"118","crisis text line",2020-04-05,84
"119","crisis text line",2020-04-12,100
"120","crisis text line",2020-04-19,99
"121","kill myself",2019-03-03,99
"122","kill myself",2019-03-10,94
"123","kill myself",2019-03-17,84
"124","kill myself",2019-03-24,83
"125","kill myself",2019-03-31,85
"126","kill myself",2019-04-07,92
"127","kill myself",2019-04-14,87
"128","kill myself",2019-04-21,79
"129","kill myself",2019-04-28,80
"130","kill myself",2019-05-05,94
"131","kill myself",2019-05-12,92
"132","kill myself",2019-05-19,74
"133","kill myself",2019-05-26,78
"134","kill myself",2019-06-02,80
"135","kill myself",2019-06-09,74
"136","kill myself",2019-06-16,82
"137","kill myself",2019-06-23,79
"138","kill myself",2019-06-30,79
"139","kill myself",2019-07-07,91
"140","kill myself",2019-07-14,65
"141","kill myself",2019-07-21,73
"142","kill myself",2019-07-28,73
"143","kill myself",2019-08-04,86
"144","kill myself",2019-08-11,61
"145","kill myself",2019-08-18,83
"146","kill myself",2019-08-25,84
"147","kill myself",2019-09-01,70
"148","kill myself",2019-09-08,82
"149","kill myself",2019-09-15,70
"150","kill myself",2019-09-22,82
"151","kill myself",2019-09-29,91
"152","kill myself",2019-10-06,81
"153","kill myself",2019-10-13,98
"154","kill myself",2019-10-20,87
"155","kill myself",2019-10-27,82
"156","kill myself",2019-11-03,96
"157","kill myself",2019-11-10,98
"158","kill myself",2019-11-17,100
"159","kill myself",2019-11-24,77
"160","kill myself",2019-12-01,81
"161","kill myself",2019-12-08,98
"162","kill myself",2019-12-15,88
"163","kill myself",2019-12-22,76
"164","kill myself",2019-12-29,86
"165","kill myself",2020-01-05,65
"166","kill myself",2020-01-12,79
"167","kill myself",2020-01-19,68
"168","kill myself",2020-01-26,72
"169","kill myself",2020-02-02,78
"170","kill myself",2020-02-09,84
"171","kill myself",2020-02-16,96
"172","kill myself",2020-02-23,96
"173","kill myself",2020-03-01,89
"174","kill myself",2020-03-08,86
"175","kill myself",2020-03-15,82
"176","kill myself",2020-03-22,56
"177","kill myself",2020-03-29,81
"178","kill myself",2020-04-05,81
"179","kill myself",2020-04-12,86
"180","kill myself",2020-04-19,72
"181","kill yourself",2019-03-03,85
"182","kill yourself",2019-03-10,86
"183","kill yourself",2019-03-17,81
"184","kill yourself",2019-03-24,90
"185","kill yourself",2019-03-31,80
"186","kill yourself",2019-04-07,100
"187","kill yourself",2019-04-14,85
"188","kill yourself",2019-04-21,89
"189","kill yourself",2019-04-28,92
"190","kill yourself",2019-05-05,85
"191","kill yourself",2019-05-12,76
"192","kill yourself",2019-05-19,80
"193","kill yourself",2019-05-26,91
"194","kill yourself",2019-06-02,86
"195","kill yourself",2019-06-09,82
"196","kill yourself",2019-06-16,75
"197","kill yourself",2019-06-23,78
"198","kill yourself",2019-06-30,84
"199","kill yourself",2019-07-07,80
"200","kill yourself",2019-07-14,73
"201","kill yourself",2019-07-21,87
"202","kill yourself",2019-07-28,86
"203","kill yourself",2019-08-04,80
"204","kill yourself",2019-08-11,93
"205","kill yourself",2019-08-18,86
"206","kill yourself",2019-08-25,77
"207","kill yourself",2019-09-01,88
"208","kill yourself",2019-09-08,80
"209","kill yourself",2019-09-15,87
"210","kill yourself",2019-09-22,86
"211","kill yourself",2019-09-29,91
"212","kill yourself",2019-10-06,86
"213","kill yourself",2019-10-13,95
"214","kill yourself",2019-10-20,85
"215","kill yourself",2019-10-27,89
"216","kill yourself",2019-11-03,85
"217","kill yourself",2019-11-10,90
"218","kill yourself",2019-11-17,88
"219","kill yourself",2019-11-24,69
"220","kill yourself",2019-12-01,82
"221","kill yourself",2019-12-08,90
"222","kill yourself",2019-12-15,86
"223","kill yourself",2019-12-22,81
"224","kill yourself",2019-12-29,84
"225","kill yourself",2020-01-05,69
"226","kill yourself",2020-01-12,83
"227","kill yourself",2020-01-19,87
"228","kill yourself",2020-01-26,82
"229","kill yourself",2020-02-02,79
"230","kill yourself",2020-02-09,85
"231","kill yourself",2020-02-16,85
"232","kill yourself",2020-02-23,84
"233","kill yourself",2020-03-01,86
"234","kill yourself",2020-03-08,82
"235","kill yourself",2020-03-15,69
"236","kill yourself",2020-03-22,67
"237","kill yourself",2020-03-29,76
"238","kill yourself",2020-04-05,76
"239","kill yourself",2020-04-12,74
"240","kill yourself",2020-04-19,78
"241","commit suicide",2019-03-03,85
"242","commit suicide",2019-03-10,70
"243","commit suicide",2019-03-17,67
"244","commit suicide",2019-03-24,74
"245","commit suicide",2019-03-31,60
"246","commit suicide",2019-04-07,62
"247","commit suicide",2019-04-14,65
"248","commit suicide",2019-04-21,72
"249","commit suicide",2019-04-28,81
"250","commit suicide",2019-05-05,68
"251","commit suicide",2019-05-12,61
"252","commit suicide",2019-05-19,61
"253","commit suicide",2019-05-26,58
"254","commit suicide",2019-06-02,68
"255","commit suicide",2019-06-09,63
"256","commit suicide",2019-06-16,54
"257","commit suicide",2019-06-23,60
"258","commit suicide",2019-06-30,51
"259","commit suicide",2019-07-07,51
"260","commit suicide",2019-07-14,52
"261","commit suicide",2019-07-21,51
"262","commit suicide",2019-07-28,56
"263","commit suicide",2019-08-04,78
"264","commit suicide",2019-08-11,100
"265","commit suicide",2019-08-18,62
"266","commit suicide",2019-08-25,57
"267","commit suicide",2019-09-01,65
"268","commit suicide",2019-09-08,73
"269","commit suicide",2019-09-15,64
"270","commit suicide",2019-09-22,63
"271","commit suicide",2019-09-29,68
"272","commit suicide",2019-10-06,70
"273","commit suicide",2019-10-13,70
"274","commit suicide",2019-10-20,70
"275","commit suicide",2019-10-27,72
"276","commit suicide",2019-11-03,79
"277","commit suicide",2019-11-10,66
"278","commit suicide",2019-11-17,64
"279","commit suicide",2019-11-24,68
"280","commit suicide",2019-12-01,72
"281","commit suicide",2019-12-08,72
"282","commit suicide",2019-12-15,51
"283","commit suicide",2019-12-22,54
"284","commit suicide",2019-12-29,60
"285","commit suicide",2020-01-05,56
"286","commit suicide",2020-01-12,69
"287","commit suicide",2020-01-19,66
"288","commit suicide",2020-01-26,63
"289","commit suicide",2020-02-02,88
"290","commit suicide",2020-02-09,65
"291","commit suicide",2020-02-16,86
"292","commit suicide",2020-02-23,73
"293","commit suicide",2020-03-01,65
"294","commit suicide",2020-03-08,61
"295","commit suicide",2020-03-15,47
"296","commit suicide",2020-03-22,51
"297","commit suicide",2020-03-29,59
"298","commit suicide",2020-04-05,56
"299","commit suicide",2020-04-12,61
"300","commit suicide",2020-04-19,59
"301","unemployment",2019-03-03,4
"302","unemployment",2019-03-10,4
"303","unemployment",2019-03-17,4
"304","unemployment",2019-03-24,4
"305","unemployment",2019-03-31,4
"306","unemployment",2019-04-07,4
"307","unemployment",2019-04-14,4
"308","unemployment",2019-04-21,4
"309","unemployment",2019-04-28,4
"310","unemployment",2019-05-05,4
"311","unemployment",2019-05-12,4
"312","unemployment",2019-05-19,4
"313","unemployment",2019-05-26,4
"314","unemployment",2019-06-02,4
"315","unemployment",2019-06-09,4
"316","unemployment",2019-06-16,4
"317","unemployment",2019-06-23,4
"318","unemployment",2019-06-30,4
"319","unemployment",2019-07-07,4
"320","unemployment",2019-07-14,4
"321","unemployment",2019-07-21,4
"322","unemployment",2019-07-28,4
"323","unemployment",2019-08-04,4
"324","unemployment",2019-08-11,4
"325","unemployment",2019-08-18,4
"326","unemployment",2019-08-25,3
"327","unemployment",2019-09-01,3
"328","unemployment",2019-09-08,3
"329","unemployment",2019-09-15,3
"330","unemployment",2019-09-22,4
"331","unemployment",2019-09-29,4
"332","unemployment",2019-10-06,4
"333","unemployment",2019-10-13,4
"334","unemployment",2019-10-20,4
"335","unemployment",2019-10-27,4
"336","unemployment",2019-11-03,4
"337","unemployment",2019-11-10,4
"338","unemployment",2019-11-17,4
"339","unemployment",2019-11-24,3
"340","unemployment",2019-12-01,5
"341","unemployment",2019-12-08,4
"342","unemployment",2019-12-15,5
"343","unemployment",2019-12-22,4
"344","unemployment",2019-12-29,5
"345","unemployment",2020-01-05,5
"346","unemployment",2020-01-12,5
"347","unemployment",2020-01-19,5
"348","unemployment",2020-01-26,5
"349","unemployment",2020-02-02,5
"350","unemployment",2020-02-09,5
"351","unemployment",2020-02-16,5
"352","unemployment",2020-02-23,4
"353","unemployment",2020-03-01,4
"354","unemployment",2020-03-08,5
"355","unemployment",2020-03-15,41
"356","unemployment",2020-03-22,74
"357","unemployment",2020-03-29,100
"358","unemployment",2020-04-05,92
"359","unemployment",2020-04-12,93
"360","unemployment",2020-04-19,84
"361","i lost my job",2019-03-03,20
"362","i lost my job",2019-03-10,21
"363","i lost my job",2019-03-17,20
"364","i lost my job",2019-03-24,16
"365","i lost my job",2019-03-31,23
"366","i lost my job",2019-04-07,27
"367","i lost my job",2019-04-14,21
"368","i lost my job",2019-04-21,19
"369","i lost my job",2019-04-28,25
"370","i lost my job",2019-05-05,19
"371","i lost my job",2019-05-12,31
"372","i lost my job",2019-05-19,27
"373","i lost my job",2019-05-26,31
"374","i lost my job",2019-06-02,17
"375","i lost my job",2019-06-09,18
"376","i lost my job",2019-06-16,21
"377","i lost my job",2019-06-23,29
"378","i lost my job",2019-06-30,29
"379","i lost my job",2019-07-07,17
"380","i lost my job",2019-07-14,29
"381","i lost my job",2019-07-21,22
"382","i lost my job",2019-07-28,21
"383","i lost my job",2019-08-04,16
"384","i lost my job",2019-08-11,24
"385","i lost my job",2019-08-18,22
"386","i lost my job",2019-08-25,20
"387","i lost my job",2019-09-01,14
"388","i lost my job",2019-09-08,15
"389","i lost my job",2019-09-15,19
"390","i lost my job",2019-09-22,17
"391","i lost my job",2019-09-29,22
"392","i lost my job",2019-10-06,19
"393","i lost my job",2019-10-13,24
"394","i lost my job",2019-10-20,13
"395","i lost my job",2019-10-27,28
"396","i lost my job",2019-11-03,28
"397","i lost my job",2019-11-10,20
"398","i lost my job",2019-11-17,19
"399","i lost my job",2019-11-24,26
"400","i lost my job",2019-12-01,11
"401","i lost my job",2019-12-08,18
"402","i lost my job",2019-12-15,15
"403","i lost my job",2019-12-22,24
"404","i lost my job",2019-12-29,16
"405","i lost my job",2020-01-05,19
"406","i lost my job",2020-01-12,19
"407","i lost my job",2020-01-19,22
"408","i lost my job",2020-01-26,18
"409","i lost my job",2020-02-02,20
"410","i lost my job",2020-02-09,19
"411","i lost my job",2020-02-16,31
"412","i lost my job",2020-02-23,16
"413","i lost my job",2020-03-01,23
"414","i lost my job",2020-03-08,20
"415","i lost my job",2020-03-15,98
"416","i lost my job",2020-03-22,100
"417","i lost my job",2020-03-29,85
"418","i lost my job",2020-04-05,95
"419","i lost my job",2020-04-12,71
"420","i lost my job",2020-04-19,49
"421","laid off",2019-03-03,3
"422","laid off",2019-03-10,3
"423","laid off",2019-03-17,3
"424","laid off",2019-03-24,3
"425","laid off",2019-03-31,3
"426","laid off",2019-04-07,2
"427","laid off",2019-04-14,3
"428","laid off",2019-04-21,2
"429","laid off",2019-04-28,3
"430","laid off",2019-05-05,3
"431","laid off",2019-05-12,2
"432","laid off",2019-05-19,2
"433","laid off",2019-05-26,2
"434","laid off",2019-06-02,3
"435","laid off",2019-06-09,3
"436","laid off",2019-06-16,3
"437","laid off",2019-06-23,2
"438","laid off",2019-06-30,2
"439","laid off",2019-07-07,2
"440","laid off",2019-07-14,2
"441","laid off",2019-07-21,3
"442","laid off",2019-07-28,3
"443","laid off",2019-08-04,2
"444","laid off",2019-08-11,2
"445","laid off",2019-08-18,3
"446","laid off",2019-08-25,2
"447","laid off",2019-09-01,2
"448","laid off",2019-09-08,3
"449","laid off",2019-09-15,3
"450","laid off",2019-09-22,2
"451","laid off",2019-09-29,3
"452","laid off",2019-10-06,3
"453","laid off",2019-10-13,3
"454","laid off",2019-10-20,3
"455","laid off",2019-10-27,3
"456","laid off",2019-11-03,3
"457","laid off",2019-11-10,3
"458","laid off",2019-11-17,3
"459","laid off",2019-11-24,2
"460","laid off",2019-12-01,2
"461","laid off",2019-12-08,3
"462","laid off",2019-12-15,3
"463","laid off",2019-12-22,2
"464","laid off",2019-12-29,2
"465","laid off",2020-01-05,3
"466","laid off",2020-01-12,3
"467","laid off",2020-01-19,3
"468","laid off",2020-01-26,3
"469","laid off",2020-02-02,3
"470","laid off",2020-02-09,4
"471","laid off",2020-02-16,3
"472","laid off",2020-02-23,3
"473","laid off",2020-03-01,3
"474","laid off",2020-03-08,6
"475","laid off",2020-03-15,41
"476","laid off",2020-03-22,51
"477","laid off",2020-03-29,100
"478","laid off",2020-04-05,28
"479","laid off",2020-04-12,24
"480","laid off",2020-04-19,19
"481","furlough",2019-03-03,1
"482","furlough",2019-03-10,1
"483","furlough",2019-03-17,0
"484","furlough",2019-03-24,1
"485","furlough",2019-03-31,1
"486","furlough",2019-04-07,0
"487","furlough",2019-04-14,0
"488","furlough",2019-04-21,0
"489","furlough",2019-04-28,0
"490","furlough",2019-05-05,0
"491","furlough",2019-05-12,1
"492","furlough",2019-05-19,0
"493","furlough",2019-05-26,0
"494","furlough",2019-06-02,0
"495","furlough",2019-06-09,0
"496","furlough",2019-06-16,1
"497","furlough",2019-06-23,1
"498","furlough",2019-06-30,0
"499","furlough",2019-07-07,1
"500","furlough",2019-07-14,0
"501","furlough",2019-07-21,0
"502","furlough",2019-07-28,0
"503","furlough",2019-08-04,0
"504","furlough",2019-08-11,0
"505","furlough",2019-08-18,0
"506","furlough",2019-08-25,0
"507","furlough",2019-09-01,1
"508","furlough",2019-09-08,0
"509","furlough",2019-09-15,1
"510","furlough",2019-09-22,1
"511","furlough",2019-09-29,1
"512","furlough",2019-10-06,0
"513","furlough",2019-10-13,0
"514","furlough",2019-10-20,1
"515","furlough",2019-10-27,1
"516","furlough",2019-11-03,0
"517","furlough",2019-11-10,0
"518","furlough",2019-11-17,1
"519","furlough",2019-11-24,0
"520","furlough",2019-12-01,1
"521","furlough",2019-12-08,1
"522","furlough",2019-12-15,1
"523","furlough",2019-12-22,0
"524","furlough",2019-12-29,0
"525","furlough",2020-01-05,0
"526","furlough",2020-01-12,0
"527","furlough",2020-01-19,0
"528","furlough",2020-01-26,0
"529","furlough",2020-02-02,0
"530","furlough",2020-02-09,0
"531","furlough",2020-02-16,0
"532","furlough",2020-02-23,0
"533","furlough",2020-03-01,1
"534","furlough",2020-03-08,3
"535","furlough",2020-03-15,32
"536","furlough",2020-03-22,52
"537","furlough",2020-03-29,100
"538","furlough",2020-04-05,54
"539","furlough",2020-04-12,45
"540","furlough",2020-04-19,29
"541","loan",2019-03-03,52
"542","loan",2019-03-10,53
"543","loan",2019-03-17,50
"544","loan",2019-03-24,55
"545","loan",2019-03-31,55
"546","loan",2019-04-07,55
"547","loan",2019-04-14,54
"548","loan",2019-04-21,53
"549","loan",2019-04-28,55
"550","loan",2019-05-05,53
"551","loan",2019-05-12,54
"552","loan",2019-05-19,55
"553","loan",2019-05-26,55
"554","loan",2019-06-02,57
"555","loan",2019-06-09,57
"556","loan",2019-06-16,56
"557","loan",2019-06-23,59
"558","loan",2019-06-30,54
"559","loan",2019-07-07,59
"560","loan",2019-07-14,58
"561","loan",2019-07-21,59
"562","loan",2019-07-28,60
"563","loan",2019-08-04,60
"564","loan",2019-08-11,61
"565","loan",2019-08-18,60
"566","loan",2019-08-25,55
"567","loan",2019-09-01,52
"568","loan",2019-09-08,53
"569","loan",2019-09-15,52
"570","loan",2019-09-22,53
"571","loan",2019-09-29,54
"572","loan",2019-10-06,50
"573","loan",2019-10-13,50
"574","loan",2019-10-20,50
"575","loan",2019-10-27,50
"576","loan",2019-11-03,52
"577","loan",2019-11-10,50
"578","loan",2019-11-17,50
"579","loan",2019-11-24,41
"580","loan",2019-12-01,51
"581","loan",2019-12-08,50
"582","loan",2019-12-15,49
"583","loan",2019-12-22,44
"584","loan",2019-12-29,53
"585","loan",2020-01-05,56
"586","loan",2020-01-12,56
"587","loan",2020-01-19,57
"588","loan",2020-01-26,56
"589","loan",2020-02-02,56
"590","loan",2020-02-09,57
"591","loan",2020-02-16,57
"592","loan",2020-02-23,57
"593","loan",2020-03-01,61
"594","loan",2020-03-08,60
"595","loan",2020-03-15,70
"596","loan",2020-03-22,75
"597","loan",2020-03-29,100
"598","loan",2020-04-05,95
"599","loan",2020-04-12,89
"600","loan",2020-04-19,84
"601","depression",2019-03-03,100
"602","depression",2019-03-10,93
"603","depression",2019-03-17,97
"604","depression",2019-03-24,91
"605","depression",2019-03-31,90
"606","depression",2019-04-07,88
"607","depression",2019-04-14,85
"608","depression",2019-04-21,88
"609","depression",2019-04-28,88
"610","depression",2019-05-05,87
"611","depression",2019-05-12,83
"612","depression",2019-05-19,78
"613","depression",2019-05-26,75
"614","depression",2019-06-02,69
"615","depression",2019-06-09,66
"616","depression",2019-06-16,64
"617","depression",2019-06-23,65
"618","depression",2019-06-30,58
"619","depression",2019-07-07,68
"620","depression",2019-07-14,63
"621","depression",2019-07-21,67
"622","depression",2019-07-28,68
"623","depression",2019-08-04,63
"624","depression",2019-08-11,62
"625","depression",2019-08-18,65
"626","depression",2019-08-25,65
"627","depression",2019-09-01,66
"628","depression",2019-09-08,75
"629","depression",2019-09-15,78
"630","depression",2019-09-22,76
"631","depression",2019-09-29,78
"632","depression",2019-10-06,79
"633","depression",2019-10-13,83
"634","depression",2019-10-20,84
"635","depression",2019-10-27,80
"636","depression",2019-11-03,86
"637","depression",2019-11-10,84
"638","depression",2019-11-17,86
"639","depression",2019-11-24,65
"640","depression",2019-12-01,84
"641","depression",2019-12-08,86
"642","depression",2019-12-15,73
"643","depression",2019-12-22,56
"644","depression",2019-12-29,64
"645","depression",2020-01-05,76
"646","depression",2020-01-12,77
"647","depression",2020-01-19,77
"648","depression",2020-01-26,84
"649","depression",2020-02-02,82
"650","depression",2020-02-09,88
"651","depression",2020-02-16,85
"652","depression",2020-02-23,90
"653","depression",2020-03-01,88
"654","depression",2020-03-08,83
"655","depression",2020-03-15,91
"656","depression",2020-03-22,91
"657","depression",2020-03-29,90
"658","depression",2020-04-05,90
"659","depression",2020-04-12,90
"660","depression",2020-04-19,90
"661","panic attack",2019-03-03,71
"662","panic attack",2019-03-10,71
"663","panic attack",2019-03-17,65
"664","panic attack",2019-03-24,69
"665","panic attack",2019-03-31,71
"666","panic attack",2019-04-07,72
"667","panic attack",2019-04-14,72
"668","panic attack",2019-04-21,73
"669","panic attack",2019-04-28,72
"670","panic attack",2019-05-05,74
"671","panic attack",2019-05-12,72
"672","panic attack",2019-05-19,67
"673","panic attack",2019-05-26,73
"674","panic attack",2019-06-02,66
"675","panic attack",2019-06-09,71
"676","panic attack",2019-06-16,68
"677","panic attack",2019-06-23,77
"678","panic attack",2019-06-30,75
"679","panic attack",2019-07-07,73
"680","panic attack",2019-07-14,73
"681","panic attack",2019-07-21,77
"682","panic attack",2019-07-28,79
"683","panic attack",2019-08-04,74
"684","panic attack",2019-08-11,74
"685","panic attack",2019-08-18,78
"686","panic attack",2019-08-25,72
"687","panic attack",2019-09-01,73
"688","panic attack",2019-09-08,73
"689","panic attack",2019-09-15,76
"690","panic attack",2019-09-22,79
"691","panic attack",2019-09-29,81
"692","panic attack",2019-10-06,73
"693","panic attack",2019-10-13,77
"694","panic attack",2019-10-20,80
"695","panic attack",2019-10-27,68
"696","panic attack",2019-11-03,70
"697","panic attack",2019-11-10,77
"698","panic attack",2019-11-17,79
"699","panic attack",2019-11-24,72
"700","panic attack",2019-12-01,76
"701","panic attack",2019-12-08,73
"702","panic attack",2019-12-15,71
"703","panic attack",2019-12-22,71
"704","panic attack",2019-12-29,79
"705","panic attack",2020-01-05,74
"706","panic attack",2020-01-12,71
"707","panic attack",2020-01-19,75
"708","panic attack",2020-01-26,83
"709","panic attack",2020-02-02,75
"710","panic attack",2020-02-09,72
"711","panic attack",2020-02-16,73
"712","panic attack",2020-02-23,80
"713","panic attack",2020-03-01,76
"714","panic attack",2020-03-08,84
"715","panic attack",2020-03-15,86
"716","panic attack",2020-03-22,100
"717","panic attack",2020-03-29,96
"718","panic attack",2020-04-05,96
"719","panic attack",2020-04-12,85
"720","panic attack",2020-04-19,82
"721","loneliness",2019-03-03,63
"722","loneliness",2019-03-10,56
"723","loneliness",2019-03-17,56
"724","loneliness",2019-03-24,62
"725","loneliness",2019-03-31,69
"726","loneliness",2019-04-07,72
"727","loneliness",2019-04-14,58
"728","loneliness",2019-04-21,63
"729","loneliness",2019-04-28,68
"730","loneliness",2019-05-05,62
"731","loneliness",2019-05-12,55
"732","loneliness",2019-05-19,70
"733","loneliness",2019-05-26,52
"734","loneliness",2019-06-02,50
"735","loneliness",2019-06-09,57
"736","loneliness",2019-06-16,49
"737","loneliness",2019-06-23,50
"738","loneliness",2019-06-30,43
"739","loneliness",2019-07-07,54
"740","loneliness",2019-07-14,49
"741","loneliness",2019-07-21,48
"742","loneliness",2019-07-28,40
"743","loneliness",2019-08-04,52
"744","loneliness",2019-08-11,55
"745","loneliness",2019-08-18,46
"746","loneliness",2019-08-25,57
"747","loneliness",2019-09-01,51
"748","loneliness",2019-09-08,50
"749","loneliness",2019-09-15,61
"750","loneliness",2019-09-22,64
"751","loneliness",2019-09-29,61
"752","loneliness",2019-10-06,59
"753","loneliness",2019-10-13,57
"754","loneliness",2019-10-20,69
"755","loneliness",2019-10-27,63
"756","loneliness",2019-11-03,62
"757","loneliness",2019-11-10,67
"758","loneliness",2019-11-17,70
"759","loneliness",2019-11-24,50
"760","loneliness",2019-12-01,68
"761","loneliness",2019-12-08,66
"762","loneliness",2019-12-15,59
"763","loneliness",2019-12-22,53
"764","loneliness",2019-12-29,51
"765","loneliness",2020-01-05,59
"766","loneliness",2020-01-12,54
"767","loneliness",2020-01-19,62
"768","loneliness",2020-01-26,62
"769","loneliness",2020-02-02,67
"770","loneliness",2020-02-09,67
"771","loneliness",2020-02-16,63
"772","loneliness",2020-02-23,81
"773","loneliness",2020-03-01,89
"774","loneliness",2020-03-08,79
"775","loneliness",2020-03-15,68
"776","loneliness",2020-03-22,84
"777","loneliness",2020-03-29,88
"778","loneliness",2020-04-05,100
"779","loneliness",2020-04-12,96
"780","loneliness",2020-04-19,85
"781","anxiety",2019-03-03,99
"782","anxiety",2019-03-10,97
"783","anxiety",2019-03-17,100
"784","anxiety",2019-03-24,100
"785","anxiety",2019-03-31,98
"786","anxiety",2019-04-07,97
"787","anxiety",2019-04-14,95
"788","anxiety",2019-04-21,96
"789","anxiety",2019-04-28,96
"790","anxiety",2019-05-05,95
"791","anxiety",2019-05-12,91
"792","anxiety",2019-05-19,90
"793","anxiety",2019-05-26,87
"794","anxiety",2019-06-02,84
"795","anxiety",2019-06-09,90
"796","anxiety",2019-06-16,89
"797","anxiety",2019-06-23,92
"798","anxiety",2019-06-30,86
"799","anxiety",2019-07-07,93
"800","anxiety",2019-07-14,93
"801","anxiety",2019-07-21,95
"802","anxiety",2019-07-28,93
"803","anxiety",2019-08-04,94
"804","anxiety",2019-08-11,95
"805","anxiety",2019-08-18,93
"806","anxiety",2019-08-25,93
"807","anxiety",2019-09-01,91
"808","anxiety",2019-09-08,93
"809","anxiety",2019-09-15,96
"810","anxiety",2019-09-22,96
"811","anxiety",2019-09-29,99
"812","anxiety",2019-10-06,95
"813","anxiety",2019-10-13,94
"814","anxiety",2019-10-20,96
"815","anxiety",2019-10-27,94
"816","anxiety",2019-11-03,96
"817","anxiety",2019-11-10,94
"818","anxiety",2019-11-17,99
"819","anxiety",2019-11-24,85
"820","anxiety",2019-12-01,92
"821","anxiety",2019-12-08,91
"822","anxiety",2019-12-15,86
"823","anxiety",2019-12-22,77
"824","anxiety",2019-12-29,88
"825","anxiety",2020-01-05,94
"826","anxiety",2020-01-12,94
"827","anxiety",2020-01-19,93
"828","anxiety",2020-01-26,97
"829","anxiety",2020-02-02,94
"830","anxiety",2020-02-09,96
"831","anxiety",2020-02-16,100
"832","anxiety",2020-02-23,98
"833","anxiety",2020-03-01,97
"834","anxiety",2020-03-08,91
"835","anxiety",2020-03-15,87
"836","anxiety",2020-03-22,94
"837","anxiety",2020-03-29,98
"838","anxiety",2020-04-05,94
"839","anxiety",2020-04-12,90
"840","anxiety",2020-04-19,90
